<?xml version="1.0" encoding="utf-8"?>
<doctrine-mapping xmlns="http://doctrine-project.org/schemas/orm/doctrine-mapping" xmlns:xsi="http://www.w3.org/2001/XMLSchema-instance" xsi:schemaLocation="http://doctrine-project.org/schemas/orm/doctrine-mapping http://doctrine-project.org/schemas/orm/doctrine-mapping.xsd">
  <entity name="ActiveZones" table="active_zones">
    <indexes>
      <index name="fk_active_zone_model" columns="modelID"/>
    </indexes>
    <id name="id" type="integer" column="id">
      <generator strategy="IDENTITY"/>
    </id>
    <field name="zoneref" type="string" column="zoneREF" length="255" nullable="true">
      <options>
        <option name="fixed"/>
      </options>
    </field>
    <field name="map" type="string" column="map" length="255" nullable="true">
      <options>
        <option name="fixed"/>
      </options>
    </field>
    <many-to-one field="modelid" target-entity="Models" fetch="LAZY">
      <join-columns>
        <join-column name="modelID" referenced-column-name="id"/>
      </join-columns>
    </many-to-one>
  </entity>
</doctrine-mapping>
