<?xml version="1.0" encoding="utf-8"?>
<doctrine-mapping xmlns="http://doctrine-project.org/schemas/orm/doctrine-mapping" xmlns:xsi="http://www.w3.org/2001/XMLSchema-instance" xsi:schemaLocation="http://doctrine-project.org/schemas/orm/doctrine-mapping http://doctrine-project.org/schemas/orm/doctrine-mapping.xsd">
  <entity name="Videos" table="videos">
    <indexes>
      <index name="fk_video_user" columns="userID"/>
    </indexes>
    <id name="id" type="integer" column="id">
      <generator strategy="IDENTITY"/>
    </id>
    <field name="video" type="string" column="video" length="255" nullable="true">
      <options>
        <option name="fixed"/>
      </options>
    </field>
    <many-to-one field="userid" target-entity="Users" fetch="LAZY">
      <join-columns>
        <join-column name="userID" referenced-column-name="id"/>
      </join-columns>
    </many-to-one>
  </entity>
</doctrine-mapping>
